{
  "model_name": "XGBoost",
  "model_performance": {
    "r2_score": 0.9148,
    "rmse": 25559
  },
  "prediction_statistics": {
    "count": 1459,
    "mean": 178761.890625,
    "median": 158707.359375,
    "min": 49032.5546875,
    "max": 501271.875,
    "std": 75831.59375
  },
  "model_parameters": {
    "learning_rate": 0.1,
    "max_depth": 3,
    "n_estimators": 200
  }
}